constellation,height,type,origin,destination,origin_name,destination_name,Mean latency there,Mean latency back,Min. RTT,Mean RTT,Max. RTT,Smp.std. RTT,Reply arrival
telesat,1015,isls,355,358,New-York,Cairo,32.57 ms,32.57 ms,65.06 ms,65.13 ms,65.48 ms,0.11 ms,199935/200000 (100%)
telesat,1015,isls,351,355,Madrid,New-York,21.77 ms,21.77 ms,43.40 ms,43.54 ms,44.13 ms,0.18 ms,199957/200000 (100%)
kuiper,630,isls,1159,1165,Los-Angeles,Sidney,48.00 ms,48.00 ms,93.82 ms,96.00 ms,100.67 ms,1.87 ms,199906/200000 (100%)
starlink,550,isls,1584,1590,Madrid,Bogota,38.90 ms,38.90 ms,73.09 ms,77.80 ms,86.37 ms,5.61 ms,199922/200000 (100%)
kuiper,630,isls,1156,1164,Madrid,Tokyo,43.61 ms,43.61 ms,85.44 ms,87.22 ms,90.74 ms,2.19 ms,199915/200000 (100%)
telesat,1015,isls,356,359,Mexico-City,Tokyo,42.88 ms,42.88 ms,85.41 ms,85.76 ms,86.57 ms,0.35 ms,199915/200000 (100%)
telesat,1015,isls,352,356,Barcelona,Mexico-City,34.21 ms,34.21 ms,68.09 ms,68.43 ms,75.55 ms,0.26 ms,199932/200000 (100%)
starlink,550,isls,1591,1592,Cairo,Tokyo,37.86 ms,37.86 ms,73.30 ms,75.73 ms,83.23 ms,0.54 ms,199925/200000 (100%)
telesat,1015,isls,353,358,Riyadh,Cairo,10.44 ms,10.44 ms,18.54 ms,20.88 ms,23.15 ms,1.26 ms,199982/200000 (100%)
kuiper,630,isls,1163,1164,Cairo,Tokyo,38.37 ms,38.37 ms,74.25 ms,76.74 ms,79.82 ms,2.35 ms,199926/200000 (100%)
telesat,1015,isls,351,360,Madrid,Sidney,70.04 ms,70.03 ms,139.53 ms,140.07 ms,140.53 ms,0.29 ms,199860/200000 (100%)
telesat,1015,isls,357,359,Bogota,Tokyo,56.06 ms,56.06 ms,111.12 ms,112.13 ms,112.62 ms,0.59 ms,199889/200000 (100%)
kuiper,630,isls,1157,1165,Barcelona,Sidney,66.87 ms,66.87 ms,132.52 ms,133.74 ms,138.66 ms,1.02 ms,199864/200000 (100%)
kuiper,630,isls,1159,1162,Los-Angeles,Bogota,23.97 ms,23.97 ms,46.68 ms,47.94 ms,49.52 ms,0.67 ms,199953/200000 (100%)
telesat,1015,isls,359,360,Tokyo,Sidney,28.39 ms,28.39 ms,56.76 ms,56.79 ms,56.89 ms,0.03 ms,199944/200000 (100%)
kuiper,630,isls,1158,1162,Riyadh,Bogota,53.86 ms,53.86 ms,105.47 ms,107.73 ms,110.05 ms,0.93 ms,199893/200000 (100%)
telesat,1015,isls,356,360,Mexico-City,Sidney,52.04 ms,52.05 ms,94.52 ms,104.09 ms,107.88 ms,4.43 ms,199893/200000 (100%)
telesat,1015,isls,352,358,Barcelona,Cairo,12.68 ms,12.68 ms,24.87 ms,25.36 ms,26.20 ms,0.41 ms,199974/200000 (100%)
kuiper,630,isls,1156,1158,Madrid,Riyadh,21.23 ms,21.24 ms,41.14 ms,42.47 ms,47.17 ms,1.13 ms,199958/200000 (100%)
telesat,1015,isls,355,357,New-York,Bogota,16.01 ms,16.01 ms,31.82 ms,32.03 ms,32.61 ms,0.23 ms,199968/200000 (100%)
starlink,550,isls,1585,1589,Barcelona,Mexico-City,38.66 ms,38.66 ms,75.12 ms,77.31 ms,85.42 ms,0.95 ms,199924/200000 (100%)
starlink,550,isls,1588,1592,New-York,Tokyo,51.79 ms,51.79 ms,99.80 ms,103.58 ms,110.62 ms,4.61 ms,199890/200000 (100%)
starlink,550,isls,1591,1593,Cairo,Sidney,74.15 ms,74.16 ms,142.45 ms,148.31 ms,154.36 ms,5.00 ms,199846/200000 (100%)
kuiper,630,isls,1162,1165,Bogota,Sidney,58.19 ms,58.19 ms,111.24 ms,116.39 ms,117.74 ms,1.29 ms,199884/200000 (100%)
starlink,550,isls,1588,1593,New-York,Sidney,71.84 ms,71.84 ms,135.51 ms,143.67 ms,153.44 ms,6.43 ms,199854/200000 (100%)
telesat,1015,isls,355,360,New-York,Sidney,67.31 ms,67.31 ms,130.89 ms,134.62 ms,139.20 ms,2.32 ms,199868/200000 (100%)
starlink,550,isls,1586,1590,Riyadh,Bogota,71.64 ms,71.64 ms,142.05 ms,143.29 ms,154.07 ms,2.76 ms,199846/200000 (100%)
telesat,1015,isls,352,354,Barcelona,Los-Angeles,34.65 ms,34.65 ms,69.19 ms,69.30 ms,69.65 ms,0.11 ms,199931/200000 (100%)
telesat,1015,isls,353,354,Riyadh,Los-Angeles,48.87 ms,48.87 ms,96.75 ms,97.73 ms,99.16 ms,0.87 ms,199903/200000 (100%)
starlink,550,isls,1584,1588,Madrid,New-York,25.68 ms,25.68 ms,49.31 ms,51.36 ms,60.25 ms,0.67 ms,199949/200000 (100%)
telesat,1015,isls,351,359,Madrid,Tokyo,39.57 ms,39.57 ms,76.47 ms,79.14 ms,87.42 ms,2.05 ms,199919/200000 (100%)
kuiper,630,isls,1159,1160,Los-Angeles,New-York,17.00 ms,17.00 ms,32.74 ms,33.99 ms,37.27 ms,1.21 ms,199968/200000 (100%)
starlink,550,isls,1587,1593,Los-Angeles,Sidney,51.90 ms,51.89 ms,99.78 ms,103.79 ms,113.10 ms,5.14 ms,199887/200000 (100%)
starlink,550,isls,1590,1592,Bogota,Tokyo,54.12 ms,54.12 ms,104.60 ms,108.25 ms,114.28 ms,2.37 ms,199891/200000 (100%)
starlink,550,isls,1590,1593,Bogota,Sidney,59.24 ms,59.24 ms,108.23 ms,118.48 ms,127.51 ms,7.37 ms,199874/200000 (100%)
kuiper,630,isls,1160,1161,New-York,Mexico-City,14.98 ms,14.97 ms,28.88 ms,29.95 ms,35.84 ms,1.76 ms,199972/200000 (100%)
kuiper,630,isls,1160,1164,New-York,Tokyo,44.15 ms,44.15 ms,86.69 ms,88.30 ms,91.52 ms,1.85 ms,199913/200000 (100%)
kuiper,630,isls,1158,1165,Riyadh,Sidney,52.11 ms,52.11 ms,102.16 ms,104.21 ms,107.75 ms,1.48 ms,199896/200000 (100%)
starlink,550,isls,1589,1590,Mexico-City,Bogota,16.23 ms,16.23 ms,30.92 ms,32.46 ms,35.38 ms,1.35 ms,199965/200000 (100%)
telesat,1015,isls,355,359,New-York,Tokyo,39.17 ms,39.17 ms,77.03 ms,78.33 ms,82.94 ms,1.57 ms,199920/200000 (100%)
starlink,550,isls,1584,1585,Madrid,Barcelona,4.03 ms,4.03 ms,7.69 ms,8.07 ms,8.83 ms,0.30 ms,199992/200000 (100%)
kuiper,630,isls,1156,1163,Madrid,Cairo,15.20 ms,15.20 ms,28.70 ms,30.40 ms,32.83 ms,0.60 ms,199970/200000 (100%)
starlink,550,isls,1584,1592,Madrid,Tokyo,51.44 ms,51.44 ms,98.92 ms,102.88 ms,110.09 ms,4.15 ms,199902/200000 (100%)
kuiper,630,isls,1157,1159,Barcelona,Los-Angeles,38.19 ms,38.19 ms,74.63 ms,76.38 ms,80.04 ms,2.15 ms,199925/200000 (100%)
kuiper,630,isls,1159,1163,Los-Angeles,Cairo,48.52 ms,48.52 ms,94.61 ms,97.04 ms,99.31 ms,1.91 ms,199902/200000 (100%)
starlink,550,isls,1585,1592,Barcelona,Tokyo,47.12 ms,47.12 ms,88.50 ms,94.24 ms,98.32 ms,3.41 ms,199902/200000 (100%)
starlink,550,isls,1589,1591,Mexico-City,Cairo,47.93 ms,47.94 ms,91.71 ms,95.87 ms,102.47 ms,4.57 ms,199906/200000 (100%)
telesat,1015,isls,352,357,Barcelona,Bogota,30.79 ms,30.79 ms,61.54 ms,61.57 ms,61.69 ms,0.03 ms,199939/200000 (100%)
kuiper,630,isls,1159,1161,Los-Angeles,Mexico-City,11.89 ms,11.89 ms,22.11 ms,23.77 ms,27.61 ms,2.20 ms,199978/200000 (100%)
telesat,1015,isls,354,359,Los-Angeles,Tokyo,31.91 ms,31.91 ms,63.65 ms,63.82 ms,64.31 ms,0.18 ms,199937/200000 (100%)
starlink,550,isls,1586,1592,Riyadh,Tokyo,49.96 ms,49.97 ms,91.78 ms,99.93 ms,117.10 ms,9.06 ms,199885/200000 (100%)
starlink,550,isls,1586,1591,Riyadh,Cairo,8.70 ms,8.70 ms,13.44 ms,17.39 ms,23.50 ms,2.29 ms,199983/200000 (100%)
kuiper,630,isls,1157,1160,Barcelona,New-York,25.23 ms,25.22 ms,49.06 ms,50.45 ms,52.82 ms,1.02 ms,199951/200000 (100%)
kuiper,630,isls,1160,1162,New-York,Bogota,27.72 ms,27.72 ms,47.18 ms,55.44 ms,59.10 ms,1.18 ms,199953/200000 (100%)
kuiper,630,isls,1161,1163,Mexico-City,Cairo,48.52 ms,48.53 ms,93.52 ms,97.05 ms,99.29 ms,1.45 ms,199903/200000 (100%)
kuiper,630,isls,1158,1161,Riyadh,Mexico-City,53.38 ms,53.38 ms,105.99 ms,106.76 ms,113.76 ms,0.83 ms,199894/200000 (100%)
kuiper,630,isls,1158,1160,Riyadh,New-York,40.83 ms,40.82 ms,80.76 ms,81.65 ms,87.13 ms,1.45 ms,199920/200000 (100%)
starlink,550,isls,1585,1591,Barcelona,Cairo,12.88 ms,12.88 ms,22.36 ms,25.75 ms,33.36 ms,2.27 ms,199978/200000 (100%)
telesat,1015,isls,351,357,Madrid,Bogota,29.13 ms,29.13 ms,58.21 ms,58.26 ms,58.40 ms,0.04 ms,199942/200000 (100%)
telesat,1015,isls,353,360,Riyadh,Sidney,51.77 ms,51.77 ms,94.89 ms,103.55 ms,105.33 ms,2.62 ms,199895/200000 (100%)
telesat,1015,isls,358,359,Cairo,Tokyo,34.38 ms,34.38 ms,68.58 ms,68.76 ms,69.42 ms,0.20 ms,199932/200000 (100%)
telesat,1015,isls,352,359,Barcelona,Tokyo,37.33 ms,37.32 ms,74.27 ms,74.65 ms,82.74 ms,0.29 ms,199926/200000 (100%)
telesat,1015,isls,358,360,Cairo,Sidney,62.13 ms,62.13 ms,117.98 ms,124.26 ms,125.93 ms,1.08 ms,199876/200000 (100%)
kuiper,630,isls,1158,1159,Riyadh,Los-Angeles,53.94 ms,53.94 ms,105.27 ms,107.88 ms,109.96 ms,1.58 ms,199892/200000 (100%)
starlink,550,isls,1590,1591,Bogota,Cairo,68.54 ms,68.55 ms,131.93 ms,137.09 ms,145.68 ms,6.00 ms,199855/200000 (100%)
starlink,550,isls,1587,1592,Los-Angeles,Tokyo,34.81 ms,34.81 ms,66.62 ms,69.62 ms,79.84 ms,3.23 ms,199925/200000 (100%)
kuiper,630,isls,1162,1163,Bogota,Cairo,46.92 ms,46.92 ms,91.73 ms,93.83 ms,96.37 ms,1.64 ms,199908/200000 (100%)
kuiper,630,isls,1156,1159,Madrid,Los-Angeles,36.77 ms,36.77 ms,72.63 ms,73.54 ms,78.79 ms,1.29 ms,199927/200000 (100%)
starlink,550,isls,1584,1593,Madrid,Sidney,68.03 ms,68.03 ms,131.19 ms,136.06 ms,141.94 ms,4.02 ms,199868/200000 (100%)
kuiper,630,isls,1159,1164,Los-Angeles,Tokyo,35.36 ms,35.36 ms,67.62 ms,70.71 ms,72.69 ms,1.80 ms,199933/200000 (100%)
kuiper,630,isls,1157,1161,Barcelona,Mexico-City,38.28 ms,38.28 ms,74.75 ms,76.56 ms,80.80 ms,2.00 ms,199926/200000 (100%)
kuiper,630,isls,1156,1160,Madrid,New-York,24.19 ms,24.19 ms,47.60 ms,48.38 ms,50.44 ms,0.34 ms,199952/200000 (100%)
telesat,1015,isls,357,360,Bogota,Sidney,60.24 ms,60.24 ms,118.59 ms,120.48 ms,124.10 ms,1.98 ms,199881/200000 (100%)
telesat,1015,isls,354,358,Los-Angeles,Cairo,45.71 ms,45.71 ms,91.28 ms,91.41 ms,91.44 ms,0.03 ms,199909/200000 (100%)
kuiper,630,isls,1163,1165,Cairo,Sidney,58.31 ms,58.32 ms,115.62 ms,116.63 ms,120.19 ms,1.50 ms,199885/200000 (100%)
kuiper,630,isls,1157,1164,Barcelona,Tokyo,41.79 ms,41.79 ms,80.95 ms,83.57 ms,85.87 ms,1.02 ms,199916/200000 (100%)
kuiper,630,isls,1156,1161,Madrid,Mexico-City,37.15 ms,37.15 ms,72.49 ms,74.31 ms,78.23 ms,1.10 ms,199926/200000 (100%)
starlink,550,isls,1587,1591,Los-Angeles,Cairo,53.04 ms,53.04 ms,99.79 ms,106.08 ms,110.28 ms,4.48 ms,199900/200000 (100%)
starlink,550,isls,1587,1589,Los-Angeles,Mexico-City,11.10 ms,11.10 ms,20.50 ms,22.21 ms,28.26 ms,1.02 ms,199980/200000 (100%)
telesat,1015,isls,354,360,Los-Angeles,Sidney,47.99 ms,47.99 ms,88.11 ms,95.98 ms,99.28 ms,4.15 ms,199912/200000 (100%)
telesat,1015,isls,353,356,Riyadh,Mexico-City,54.88 ms,54.89 ms,109.23 ms,109.77 ms,110.36 ms,0.35 ms,199890/200000 (100%)
telesat,1015,isls,353,359,Riyadh,Tokyo,31.44 ms,31.44 ms,62.72 ms,62.88 ms,63.12 ms,0.11 ms,199938/200000 (100%)
kuiper,630,isls,1160,1165,New-York,Sidney,62.85 ms,62.84 ms,124.14 ms,125.69 ms,129.09 ms,1.14 ms,199875/200000 (100%)
kuiper,630,isls,1157,1163,Barcelona,Cairo,13.28 ms,13.28 ms,23.98 ms,26.57 ms,29.79 ms,1.69 ms,199973/200000 (100%)
starlink,550,isls,1592,1593,Tokyo,Sidney,59.66 ms,59.66 ms,99.73 ms,119.33 ms,129.22 ms,10.67 ms,199900/200000 (100%)
starlink,550,isls,1588,1590,New-York,Bogota,33.15 ms,33.15 ms,65.22 ms,66.30 ms,68.90 ms,0.96 ms,199935/200000 (100%)
telesat,1015,isls,356,358,Mexico-City,Cairo,51.10 ms,51.10 ms,101.11 ms,102.19 ms,103.77 ms,0.78 ms,199899/200000 (100%)
kuiper,630,isls,1156,1157,Madrid,Barcelona,5.09 ms,5.09 ms,9.47 ms,10.18 ms,11.72 ms,0.62 ms,199991/200000 (100%)
starlink,550,isls,1586,1588,Riyadh,New-York,39.54 ms,39.54 ms,77.54 ms,79.08 ms,88.37 ms,2.16 ms,199917/200000 (100%)
telesat,1015,isls,351,353,Madrid,Riyadh,19.08 ms,19.08 ms,38.01 ms,38.17 ms,38.70 ms,0.18 ms,199962/200000 (100%)
starlink,550,isls,1585,1587,Barcelona,Los-Angeles,36.97 ms,36.97 ms,72.74 ms,73.94 ms,80.41 ms,1.10 ms,199928/200000 (100%)
starlink,550,isls,1588,1591,New-York,Cairo,35.26 ms,35.26 ms,66.76 ms,70.53 ms,82.16 ms,2.25 ms,199932/200000 (100%)
telesat,1015,isls,356,357,Mexico-City,Bogota,13.93 ms,13.93 ms,26.58 ms,27.86 ms,29.03 ms,0.88 ms,199972/200000 (100%)
telesat,1015,isls,351,358,Madrid,Cairo,14.11 ms,14.11 ms,27.77 ms,28.21 ms,29.15 ms,0.37 ms,199971/200000 (100%)
telesat,1015,isls,351,354,Madrid,Los-Angeles,33.75 ms,33.75 ms,67.31 ms,67.50 ms,67.82 ms,0.15 ms,199933/200000 (100%)
kuiper,630,isls,1156,1165,Madrid,Sidney,68.39 ms,68.39 ms,134.43 ms,136.78 ms,140.04 ms,2.10 ms,199861/200000 (100%)
kuiper,630,isls,1161,1162,Mexico-City,Bogota,15.11 ms,15.11 ms,29.54 ms,30.22 ms,36.30 ms,1.19 ms,199971/200000 (100%)
kuiper,630,isls,1157,1158,Barcelona,Riyadh,19.18 ms,19.18 ms,35.38 ms,38.36 ms,40.31 ms,0.94 ms,199962/200000 (100%)
kuiper,630,isls,1158,1163,Riyadh,Cairo,7.98 ms,7.98 ms,14.22 ms,15.96 ms,20.00 ms,2.21 ms,199986/200000 (100%)
kuiper,630,isls,1162,1164,Bogota,Tokyo,54.89 ms,54.89 ms,108.17 ms,109.78 ms,113.59 ms,2.10 ms,199892/200000 (100%)
kuiper,630,isls,1161,1164,Mexico-City,Tokyo,44.30 ms,44.30 ms,85.34 ms,88.60 ms,90.64 ms,1.42 ms,199915/200000 (100%)
starlink,550,isls,1585,1593,Barcelona,Sidney,66.41 ms,66.42 ms,129.67 ms,132.83 ms,143.11 ms,4.93 ms,199871/200000 (100%)
telesat,1015,isls,354,357,Los-Angeles,Bogota,21.17 ms,21.16 ms,42.19 ms,42.33 ms,42.74 ms,0.14 ms,199958/200000 (100%)
starlink,550,isls,1587,1588,Los-Angeles,New-York,22.13 ms,22.13 ms,34.94 ms,44.27 ms,47.61 ms,4.68 ms,199965/200000 (100%)
starlink,550,isls,1589,1592,Mexico-City,Tokyo,43.77 ms,43.77 ms,83.75 ms,87.54 ms,94.51 ms,1.15 ms,199911/200000 (100%)
telesat,1015,isls,353,357,Riyadh,Bogota,53.59 ms,53.59 ms,105.47 ms,107.18 ms,110.13 ms,1.75 ms,199895/200000 (100%)
starlink,550,isls,1585,1586,Barcelona,Riyadh,20.34 ms,20.35 ms,35.31 ms,40.69 ms,45.67 ms,3.81 ms,199955/200000 (100%)
telesat,1015,isls,351,352,Madrid,Barcelona,8.20 ms,8.20 ms,14.58 ms,16.41 ms,18.72 ms,1.13 ms,199986/200000 (100%)
starlink,550,isls,1586,1587,Riyadh,Los-Angeles,62.51 ms,62.51 ms,122.91 ms,125.02 ms,129.37 ms,2.25 ms,199876/200000 (100%)
starlink,550,isls,1584,1587,Madrid,Los-Angeles,36.06 ms,36.06 ms,70.14 ms,72.11 ms,78.14 ms,1.27 ms,199930/200000 (100%)
telesat,1015,isls,355,356,New-York,Mexico-City,14.22 ms,14.22 ms,27.64 ms,28.44 ms,30.28 ms,0.78 ms,199973/200000 (100%)
telesat,1015,isls,353,355,Riyadh,New-York,38.53 ms,38.53 ms,74.85 ms,77.06 ms,83.13 ms,2.38 ms,199925/200000 (100%)
starlink,550,isls,1586,1589,Riyadh,Mexico-City,51.38 ms,51.38 ms,101.90 ms,102.76 ms,111.68 ms,0.68 ms,199898/200000 (100%)
telesat,1015,isls,357,358,Bogota,Cairo,45.35 ms,45.35 ms,88.97 ms,90.70 ms,93.62 ms,0.92 ms,199911/200000 (100%)
starlink,550,isls,1585,1590,Barcelona,Bogota,40.22 ms,40.22 ms,74.77 ms,80.44 ms,87.19 ms,5.02 ms,199913/200000 (100%)
starlink,550,isls,1584,1591,Madrid,Cairo,16.17 ms,16.17 ms,27.11 ms,32.34 ms,36.80 ms,2.17 ms,199966/200000 (100%)
starlink,550,isls,1588,1589,New-York,Mexico-City,14.26 ms,14.26 ms,25.77 ms,28.52 ms,39.70 ms,2.65 ms,199974/200000 (100%)
kuiper,630,isls,1156,1162,Madrid,Bogota,32.75 ms,32.74 ms,63.40 ms,65.49 ms,68.12 ms,1.43 ms,199935/200000 (100%)
kuiper,630,isls,1157,1162,Barcelona,Bogota,34.50 ms,34.50 ms,67.35 ms,69.00 ms,71.98 ms,1.12 ms,199932/200000 (100%)
telesat,1015,isls,351,356,Madrid,Mexico-City,32.73 ms,32.73 ms,65.29 ms,65.47 ms,65.79 ms,0.15 ms,199935/200000 (100%)
starlink,550,isls,1584,1586,Madrid,Riyadh,24.84 ms,24.84 ms,47.06 ms,49.69 ms,58.28 ms,2.95 ms,199942/200000 (100%)
starlink,550,isls,1584,1589,Madrid,Mexico-City,42.65 ms,42.65 ms,78.98 ms,85.29 ms,110.27 ms,8.19 ms,199908/200000 (100%)
starlink,550,isls,1587,1590,Los-Angeles,Bogota,24.89 ms,24.89 ms,45.35 ms,49.78 ms,61.10 ms,5.51 ms,199941/200000 (100%)
kuiper,630,isls,1160,1163,New-York,Cairo,35.63 ms,35.63 ms,68.12 ms,71.26 ms,73.03 ms,0.98 ms,199929/200000 (100%)
kuiper,630,isls,1161,1165,Mexico-City,Sidney,53.15 ms,53.15 ms,105.09 ms,106.31 ms,110.14 ms,1.52 ms,199895/200000 (100%)
kuiper,630,isls,1158,1164,Riyadh,Tokyo,36.12 ms,36.12 ms,71.25 ms,72.24 ms,77.22 ms,1.41 ms,199929/200000 (100%)
starlink,550,isls,1585,1588,Barcelona,New-York,25.28 ms,25.28 ms,49.29 ms,50.56 ms,60.11 ms,0.37 ms,199950/200000 (100%)
telesat,1015,isls,352,355,Barcelona,New-York,23.16 ms,23.16 ms,46.05 ms,46.32 ms,47.12 ms,0.29 ms,199954/200000 (100%)
telesat,1015,isls,352,360,Barcelona,Sidney,68.97 ms,68.96 ms,135.58 ms,137.93 ms,142.31 ms,1.14 ms,199865/200000 (100%)
telesat,1015,isls,354,356,Los-Angeles,Mexico-City,11.74 ms,11.74 ms,22.79 ms,23.49 ms,24.27 ms,0.42 ms,199977/200000 (100%)
telesat,1015,isls,352,353,Barcelona,Riyadh,17.53 ms,17.53 ms,34.88 ms,35.05 ms,35.56 ms,0.16 ms,199965/200000 (100%)
starlink,550,isls,1586,1593,Riyadh,Sidney,64.58 ms,64.59 ms,127.86 ms,129.17 ms,140.64 ms,2.94 ms,199860/200000 (100%)
kuiper,630,isls,1164,1165,Tokyo,Sidney,47.30 ms,47.30 ms,89.82 ms,94.61 ms,97.46 ms,2.38 ms,199905/200000 (100%)
starlink,550,isls,1589,1593,Mexico-City,Sidney,68.47 ms,68.47 ms,130.62 ms,136.94 ms,145.36 ms,4.71 ms,199859/200000 (100%)
telesat,1015,isls,354,355,Los-Angeles,New-York,16.04 ms,16.04 ms,31.42 ms,32.08 ms,32.82 ms,0.36 ms,199969/200000 (100%)
